<?xml version="1.0" encoding="UTF-8"?>
<project xmlns="http://maven.apache.org/POM/4.0.0" xmlns:xsi="http://www.w3.org/2001/XMLSchema-instance" xsi:schemaLocation="http://maven.apache.org/POM/4.0.0 http://maven.apache.org/maven-v4_0_0.xsd">
  <parent>
    <artifactId>parent</artifactId>
    <groupId>org.codehaus.sonar-plugins</groupId>
    <version>18</version>
    <relativePath>../parent/pom.xml</relativePath>
  </parent>
  <modelVersion>4.0.0</modelVersion>
  <artifactId>sonar-pdfreport-plugin</artifactId>
  <packaging>sonar-plugin</packaging>
  <name>SonarQube PDF Report</name>
  <version>1.5-SNAPSHOT</version>
  <description>SonarQube plugin for PDF reporting</description>
  <url>http://docs.codehaus.org/display/SONAR/PDF+Plugin</url>
  <issueManagement>
    <system>JIRA</system>
    <url>http://jira.codehaus.org/browse/SONARPLUGINS/component/14372</url>
  </issueManagement>
  <inceptionYear>2010</inceptionYear>
  <developers>
    <developer>
      <id>amuniz</id>
      <name>Antonio Manuel Muñiz Martín</name>
      <email>amuniz@klicap.es</email>
      <url>http://www.klicap.es</url>
      <organization>klicap - ingenieria del puzle</organization>
      <roles>
        <role>Project lead</role>
        <role>Developer</role>
      </roles>
      <timezone>+1</timezone>
    </developer>
  </developers>
  <licenses>
    <license>
      <name>GNU LGPL 3</name>
      <url>http://www.gnu.org/licenses/lgpl.txt</url>
    </license>
  </licenses>
  <scm>
    <connection>scm:git:git@github.com:SonarCommunity/sonar-pdf-report.git</connection>
    <developerConnection>scm:git:git@github.com:SonarCommunity/sonar-pdf-report.git</developerConnection>
    <url>https://github.com/SonarCommunity/sonar-pdf-report</url>
  </scm>
  <organization>
    <name>klicap - ingenieria del puzle</name>
    <url>http://www.klicap.es</url>
  </organization>
  <build>
    <plugins>
      <plugin>
        <artifactId>maven-surefire-plugin</artifactId>
        <configuration>
          <suiteXmlFiles>
            <suiteXmlFile>src/test/config/testng.xml</suiteXmlFile>
          </suiteXmlFiles>
        </configuration>
      </plugin>
      <plugin>
        <artifactId>maven-eclipse-plugin</artifactId>
        <version>2.8</version>
      </plugin>
      <plugin>
        <artifactId>maven-shade-plugin</artifactId>
        <version>2.3</version>
        <executions>
          <execution>
            <phase>package</phase>
            <goals>
              <goal>shade</goal>
            </goals>
          </execution>
        </executions>
        <configuration>
          <artifactSet>
            <includes>
              <include>org.codehaus.sonar:sonar-ws-client</include>
            </includes>
          </artifactSet>
        </configuration>
      </plugin>
    </plugins>
  </build>
  <profiles>
    <profile>
      <id>sonar-mysql-dev</id>
      <properties>
        <sonar.jdbc.url>jdbc:mysql://localhost:3306/sonar</sonar.jdbc.url>
        <sonar.jdbc.password>root</sonar.jdbc.password>
        <sonar.jdbc.driver>com.mysql.jdbc.Driver</sonar.jdbc.driver>
        <sonar.host.url>http://localhost:9000</sonar.host.url>
        <sonar.jdbc.username>root</sonar.jdbc.username>
      </properties>
    </profile>
  </profiles>
  <dependencies>
    <dependency>
      <groupId>org.codehaus.sonar</groupId>
      <artifactId>sonar-plugin-api</artifactId>
      <version>5.1</version>
      <scope>provided</scope>
      <exclusions>
        <exclusion>
          <artifactId>jsr305</artifactId>
          <groupId>com.google.code.findbugs</groupId>
        </exclusion>
        <exclusion>
          <artifactId>sonar-check-api</artifactId>
          <groupId>org.codehaus.sonar</groupId>
        </exclusion>
        <exclusion>
          <artifactId>sonar-colorizer</artifactId>
          <groupId>org.codehaus.sonar</groupId>
        </exclusion>
        <exclusion>
          <artifactId>sonar-duplications</artifactId>
          <groupId>org.codehaus.sonar</groupId>
        </exclusion>
        <exclusion>
          <artifactId>sonar-graph</artifactId>
          <groupId>org.codehaus.sonar</groupId>
        </exclusion>
        <exclusion>
          <artifactId>sonar-squid</artifactId>
          <groupId>org.codehaus.sonar</groupId>
        </exclusion>
        <exclusion>
          <artifactId>guava</artifactId>
          <groupId>com.google.guava</groupId>
        </exclusion>
        <exclusion>
          <artifactId>commons-lang</artifactId>
          <groupId>commons-lang</groupId>
        </exclusion>
        <exclusion>
          <artifactId>commons-collections</artifactId>
          <groupId>commons-collections</groupId>
        </exclusion>
        <exclusion>
          <artifactId>woodstox-core-lgpl</artifactId>
          <groupId>org.codehaus.woodstox</groupId>
        </exclusion>
        <exclusion>
          <artifactId>stax2-api</artifactId>
          <groupId>org.codehaus.woodstox</groupId>
        </exclusion>
        <exclusion>
          <artifactId>staxmate</artifactId>
          <groupId>org.codehaus.staxmate</groupId>
        </exclusion>
      </exclusions>
    </dependency>
    <dependency>
      <groupId>com.lowagie</groupId>
      <artifactId>itext</artifactId>
      <version>2.1.4</version>
      <scope>compile</scope>
    </dependency>
    <dependency>
      <groupId>commons-httpclient</groupId>
      <artifactId>commons-httpclient</artifactId>
      <version>3.1</version>
      <scope>compile</scope>
      <exclusions>
        <exclusion>
          <artifactId>commons-logging</artifactId>
          <groupId>commons-logging</groupId>
        </exclusion>
      </exclusions>
    </dependency>
    <dependency>
      <groupId>org.slf4j</groupId>
      <artifactId>jcl-over-slf4j</artifactId>
      <version>1.7.7</version>
      <scope>compile</scope>
    </dependency>
    <dependency>
      <groupId>org.codehaus.sonar</groupId>
      <artifactId>sonar-testing-harness</artifactId>
      <version>5.1</version>
      <scope>test</scope>
      <exclusions>
        <exclusion>
          <artifactId>assertj-core</artifactId>
          <groupId>org.assertj</groupId>
        </exclusion>
        <exclusion>
          <artifactId>jsonassert</artifactId>
          <groupId>org.skyscreamer</groupId>
        </exclusion>
        <exclusion>
          <artifactId>junit</artifactId>
          <groupId>junit</groupId>
        </exclusion>
        <exclusion>
          <artifactId>hamcrest-all</artifactId>
          <groupId>org.hamcrest</groupId>
        </exclusion>
        <exclusion>
          <artifactId>mockito-core</artifactId>
          <groupId>org.mockito</groupId>
        </exclusion>
        <exclusion>
          <artifactId>commons-io</artifactId>
          <groupId>commons-io</groupId>
        </exclusion>
        <exclusion>
          <artifactId>commons-lang</artifactId>
          <groupId>commons-lang</groupId>
        </exclusion>
      </exclusions>
    </dependency>
    <dependency>
      <groupId>org.apache.maven</groupId>
      <artifactId>maven-project</artifactId>
      <version>2.0</version>
      <scope>test</scope>
      <exclusions>
        <exclusion>
          <artifactId>maven-profile</artifactId>
          <groupId>org.apache.maven</groupId>
        </exclusion>
        <exclusion>
          <artifactId>maven-model</artifactId>
          <groupId>org.apache.maven</groupId>
        </exclusion>
        <exclusion>
          <artifactId>maven-artifact-manager</artifactId>
          <groupId>org.apache.maven</groupId>
        </exclusion>
        <exclusion>
          <artifactId>plexus-utils</artifactId>
          <groupId>org.codehaus.plexus</groupId>
        </exclusion>
        <exclusion>
          <artifactId>maven-artifact</artifactId>
          <groupId>org.apache.maven</groupId>
        </exclusion>
        <exclusion>
          <artifactId>plexus-container-default</artifactId>
          <groupId>org.codehaus.plexus</groupId>
        </exclusion>
      </exclusions>
    </dependency>
    <dependency>
      <groupId>org.testng</groupId>
      <artifactId>testng</artifactId>
      <version>5.7</version>
      <classifier>jdk15</classifier>
      <scope>test</scope>
      <exclusions>
        <exclusion>
          <artifactId>junit</artifactId>
          <groupId>junit</groupId>
        </exclusion>
      </exclusions>
    </dependency>
    <dependency>
      <groupId>ch.qos.logback</groupId>
      <artifactId>logback-classic</artifactId>
      <version>1.1.2</version>
      <scope>test</scope>
      <exclusions>
        <exclusion>
          <artifactId>logback-core</artifactId>
          <groupId>ch.qos.logback</groupId>
        </exclusion>
      </exclusions>
    </dependency>
  </dependencies>
  <properties>
    <sonar.pluginName>PDF Report</sonar.pluginName>
    <sonar.pluginClass>org.sonar.report.pdf.plugin.PDFReportPlugin</sonar.pluginClass>
    <sonar.version>5.1</sonar.version>
  </properties>
</project>

